[
  {
    "id": "7b0451b2-daa6-4daa-9f3a-791a7906b96b",
    "data": [
      {
        "text": "포테이토피자",
        "alias": "pizza_type",
        "meta": "@pizza_type",
        "userDefined": false
      },
      {
        "text": "는 어떤거야?",
        "userDefined": false
      }
    ],
    "isTemplate": false,
    "count": 0
  },
  {
    "id": "df2ef2d8-dc64-4752-a1d1-de2abc4a1814",
    "data": [
      {
        "text": "불고기피자",
        "alias": "pizza_type",
        "meta": "@pizza_type",
        "userDefined": false
      },
      {
        "text": "에 대해 설명해봐",
        "userDefined": false
      }
    ],
    "isTemplate": false,
    "count": 0
  },
  {
    "id": "889329bc-e0ac-4330-ad07-768a768ec2c7",
    "data": [
      {
        "text": "페퍼로니피자",
        "alias": "pizza_type",
        "meta": "@pizza_type",
        "userDefined": false
      },
      {
        "text": "가 뭐야?",
        "userDefined": false
      }
    ],
    "isTemplate": false,
    "count": 0
  },
  {
    "id": "7dabe877-8f01-4b45-b211-ab330dec6c95",
    "data": [
      {
        "text": "포테이토피자",
        "alias": "pizza_type",
        "meta": "@pizza_type",
        "userDefined": false
      },
      {
        "text": " 알려줘",
        "userDefined": false
      }
    ],
    "isTemplate": false,
    "count": 0
  },
  {
    "id": "acf8b383-c9e7-41c3-8657-f9772c49e724",
    "data": [
      {
        "text": "불고기피자",
        "alias": "pizza_type",
        "meta": "@pizza_type",
        "userDefined": false
      },
      {
        "text": " 보여줘",
        "userDefined": false
      }
    ],
    "isTemplate": false,
    "count": 0
  },
  {
    "id": "89cc18a8-ead1-40d2-8f24-8abca7648747",
    "data": [
      {
        "text": "메뉴",
        "userDefined": false
      }
    ],
    "isTemplate": false,
    "count": 0
  },
  {
    "id": "17fb5332-1aa4-42a6-8069-29f6426a0bf1",
    "data": [
      {
        "text": "메뉴 보여줘",
        "userDefined": false
      }
    ],
    "isTemplate": false,
    "count": 0
  },
  {
    "id": "677b5607-63bf-430e-a672-36c144196f03",
    "data": [
      {
        "text": "메뉴 뭐있어?",
        "userDefined": false
      }
    ],
    "isTemplate": false,
    "count": 0
  },
  {
    "id": "111ce034-318f-45f0-949a-d400e7653ba9",
    "data": [
      {
        "text": "피자 알려줘",
        "userDefined": false
      }
    ],
    "isTemplate": false,
    "count": 0
  },
  {
    "id": "dd9312ce-4c0c-477b-b815-dafabe5f0e0d",
    "data": [
      {
        "text": "피자 종류는?",
        "userDefined": false
      }
    ],
    "isTemplate": false,
    "count": 0
  },
  {
    "id": "eaeea814-73fc-405d-b945-8ecb56f61eaa",
    "data": [
      {
        "text": "무슨 피자있어?",
        "userDefined": false
      }
    ],
    "isTemplate": false,
    "count": 0
  },
  {
    "id": "3c6d8010-b72c-4ff2-bfd8-f2db2bb74f64",
    "data": [
      {
        "text": "피자 뭐있어?",
        "userDefined": false
      }
    ],
    "isTemplate": false,
    "count": 0
  },
  {
    "id": "ff8ed18a-7efb-47b9-87c2-609646a508cb",
    "data": [
      {
        "text": "포테이토피자",
        "alias": "pizza_type",
        "meta": "@pizza_type",
        "userDefined": false
      },
      {
        "text": "는 무슨맛이야",
        "userDefined": false
      }
    ],
    "isTemplate": false,
    "count": 0
  },
  {
    "id": "a45d44ac-081c-4ac6-a740-5fb8ce836af3",
    "data": [
      {
        "text": "불고기피자가",
        "alias": "pizza_type",
        "meta": "@pizza_type",
        "userDefined": false
      },
      {
        "text": " 뭐야",
        "userDefined": false
      }
    ],
    "isTemplate": false,
    "count": 0
  },
  {
    "id": "d54249d4-1868-4d26-8c4b-8aa6ad75256f",
    "data": [
      {
        "text": "페퍼로니피자",
        "alias": "pizza_type",
        "meta": "@pizza_type",
        "userDefined": false
      }
    ],
    "isTemplate": false,
    "count": 0
  }
]